"","","","Word Reading Raw Score","Numerical Operations Raw Score","Spelling Raw Score","Word Reading Subtest Standard Score","Numerical Operations Subtest Standard Score","Spelling Subtest Standard Score","Composite (Sum of subtest standard scores)","Composite Standard Score"
"Anonymized ID","Subject Type","Visit","WIAT_01","WIAT_02","WIAT_03","WIAT_04","WIAT_05","WIAT_06","WIAT_07","WIAT_08"
"A00061410","ONE_DAY-Age 11","VA","99","28","26","91","103","86","280","91"
"A00061263","ONE_DAY- Age 22-59","VA","105","29","38","65","86","89","240","77"
"A00058130","Older Adult- Age 65-85","V1","126","24","38","106","82","93","281","91"
"A00063424","ONE_DAY- Age 22-59","VA","130","38","50","113","103","114","330","111"
"A00028754","Adult- Age 22-59","V1","126","31","50","105","90","114","309","102"
"A00043325","Adult- Age 22-59","V1","131","38","51","116","107","117","340","116"
"A00056949","Adult- Age 22-59","V1","131","38","50","113","100","113","326","109"
"A00035625","Adult- Age 22-59","V1","116","25","36","85","79","85","249","80"
"A00055921","Child Age 7","V1","99","18","28","122","121","120","363","127"
"A00053456","Older Adult- Age 65-85","V1","120","31","43","98","95","101","294","96"
"A00030913","Adult-Age 18-21","V1","130","51","49","119","124","120","363","127"
"A00037510","Older Adult- Age 60-64","V1","131","43","49","116","115","112","343","117"
"A00031272","Adult- Age 22-59","V1","117","38","43","84","95","97","276","89"
"A00040599","Older Adult- Age 60-64","V1","119","30","48","97","93","109","299","98"
"A00054532","Adult- Age 22-59","V1","128","45","50","108","109","114","331","112"
"A00044408","Older Adult- Age 65-85","V1","129","35","41","112","102","99","313","103"
"A00067174","ENROLLED","VA_ALG","128","46","48","110","121","109","340","116"
"A00040440","Child -Age 8","V1","119","20","38","131","107","133","371","131"
"A00039952","Older Adult- Age 65-85","V1","128","27","47","110","87","107","304","100"
"A00028766","Adult-Age 18-21","V1","102","34","31","68","95","76","239","77"
"A00043762","Adult- Age 22-59","V1","131","49","51","116","126","117","359","125"
"A00031604","Adult- Age 22-59","V1","125","24","46","101","67","104","272","88"
"A00063327","ONE_DAY-Age 9-10","VA","104","20","29","107","94","101","302","99"
"A00061666","ONE_DAY-Age 65-85","VA","131","28","48","116","89","109","314","104"
"A00063008","ONE_DAY","VA","115","24","38","83","77","89","249","80"
"A00052319","Adult- Age 22-59","V1","124","39","46","101","104","104","309","102"
"A00055765","Child- Ages 9-10","V1","95","18","20","99","92","82","273","88"
"A00031410","Child- Ages 9-10","V1","88","14","22","92","78","87","257","83"
"A00064415","ONE_DAY- Age 22-59","VA","130","38","53","113","103","123","339","116"
"A00039686","Adult-Age 18-21","V1","124","22","39","98","64","87","249","80"
"A00066162","ENROLLED","VA_ALG","128","40","45","110","110","103","323","108"
"A00043324","Adult- Age 22-59","V1","117","27","40","87","83","92","262","84"
"A00061962","ONE_DAY- Age 22-59","VA","130","40","53","114","110","123","347","119"
"A00053607","Adult- Age 22-59","V1","128","43","46","109","111","104","324","108"
"A00037635","Adult- Age 22-59","V1","127","36","44","108","104","102","314","104"
"A00028150","Adult- Age 22-59","V1","114","47","41","81","118","93","292","95"
"A00037125","Child-Age 7 ","V1","80","15","21","104","106","103","313","103"
"A00061882","ONE_DAY","VA","122","20","42","94","60","95","249","80"
"A00043649","Adult- Age 22-59","V1","122","40","43","94","99","97","290","95"
"A00065992","ONE_DAY-Age 7","VA","82","12","26","116","103","126","345","118"
"A00057182","ENROLLED","V1","122","49","53","94","117","123","334","113"
"A00062929","ONE_DAY- Age 22-59","VA","131","34","49","116","100","112","328","110"
"A00039560","Adult- Age 22-59","V1","126","27","42","105","83","95","283","92"
"A00055612","Child -Age 8","V1","90","14","20","104","89","92","285","93"
"A00033180","Adult-Age 18-21","V1","129","49","49","117","120","120","357","124"
"A00060014","Child Age 13","V1","","","","","","","",""
"A00062797","ONE_DAY-AGE 11","VA","120","36","39","120","122","112","354","123"
"A00008399","Adult- Age 22-59","V1","128","43","50","108","105","114","327","110"
"A00073705","ONE_DAY-Age 65-85","VA","129","33","46","112","99","104","315","104"
"A00062411","ONE_DAY- Age 22-59","VA","124","37","43","98","98","96","292","95"
"A00065261","ONE_DAY-AGE 9-10","VA","112","25","40","119","114","128","361","126"
"A00065873","ONE_DAY- Age 22-59","VA","125","27","44","104","87","102","293","96"
"A00039820","Adult- Age 22-59","V1","130","40","51","114","110","117","341","116"
"A00037368","Child-Age 12","V1","112","30","41","102","100","113","315","104"
"A00037115","Adult- Age 22-59","V1","126","39","52","105","104","120","329","111"
"A00037783","Adult- Age 22-59","V1","128","38","45","109","103","102","314","104"
"A00051676","Adult- Age 22-59","V1","115","25","35","80","77","77","234","75"
"A00064503","ONE_DAY-AGE 12","VA","125","32","43","122","101","116","339","116"
"A00044307","Adult-Age 18-21","V1","118","31","34","86","81","76","243","78"
"A00054038","Older Adult- Age 65-85","V1","124","40","42","102","110","100","312","103"
"A00043721","ENROLLED","V1","121","30","45","95","88","102","285","93"
"A00050848","Child Age 16-17","V1","124","44","43","106","108","105","319","106"
"A00060664","Child-Age 12","V1","102","19","28","89","71","86","246","79"
"A00051517","Older Adult- Age 65-85","V1","120","23","43","98","80","101","279","90"
"A00044084","Adolescent- Age  16-17","V1","118","41","47","96","101","112","309","102"
"A00057480","Child Age 9-10","V1","127","50","47","134","160","134","428","153"
"A00053171","Child Age 8","V1","57","13","16","75","85","82","242","78"
"A00064053","ONE_DAY- Age 22-59","VA","125","26","44","104","86","102","292","95"
"A00063589","ONE_DAY","VA","131","41","52","114","101","120","335","114"
"A00038189","Adult- Age 22-59","V1","130","45","52","111","110","119","340","116"
"A00054019","ENROLLED","V1","125","32","44","100","90","98","288","94"
"A00066581","ONE_DAY-AGE 12","VA","99","30","27","82","95","82","259","83"
"A00032876","Older Adult- Age 60-64","V1","128","43","51","110","115","117","342","117"
"A00053320","Child -Age 8","V1","86","16","24","105","104","105","314","104"
"A00055267","Child Age 13","V1","122","49","46","113","127","119","359","125"
"A00073286","ONE_DAY-AGE 7","VA","60","16","5","97","124","74","295","97"
"A00061790","ONE_DAY- Age 22-59","VA","127","48","50","107","120","114","341","116"
"A00035840","Adult- Age 22-59","V1","110","34","32","70","87","71","228","74"
"A00039276","Adult- Age 22-59","V1","128","38","45","110","107","103","320","107"
"A00059362","Adult-Age 18-21","V1","126","39","47","111","102","114","327","110"
"A00040311","Older Adult- Age 65-85","V1","130","33","52","114","99","120","333","113"
"A00040806","Adult- Age 22-59","V1","111","29","36","76","86","85","247","79"
"A00063450","ONE_DAY- Age 18-21","VA","124","34","49","106","89","118","313","103"
"A00037266","Adult- Age 22-59","V1","120","41","47","90","101","107","298","98"
"A00031607","Adult- Age 22-59","V1","118","20","38","89","70","89","248","80"
"A00039700","Older Adult- Age 65-85","V1","130","25","52","114","84","120","318","106"
"A00040091","Older Adult- Age 60-64","V1","130","42","50","114","114","114","342","117"
"A00039277","Adult- Age 22-59","V1","120","26","42","90","79","94","263","85"
"A00052214","Older Adult- Age 65-85","V1","130","27","45","114","87","103","304","100"
"A00039846","Adult- Age 22-59","V1","128","48","46","110","124","104","338","115"
"A00066697","ONE_DAY-AGE 9-10","VA","114","30","44","114","114","127","355","123"
"A00031629","Child - Age 15","V1","117","21","38","99","63","94","256","82"
"A00066156","ONE_DAY- Age 22-59","VA","122","24","41","100","82","99","281","91"
"A00029979","Adult-Age 18-21","V1","124","48","46","107","118","112","337","115"
"A00044427","Older Adult- Age 65-85","V1","130","38","49","114","107","112","333","113"
"A00040517","Older Adult- Age 60-64","V1","130","40","50","114","110","114","338","115"
"A00060577","Adult-Age 18-21","V1","130","51","52","119","124","128","371","131"
"A00031411","Child- Ages 9-10","V1","101","16","24","109","89","95","293","96"
"A00028400","Adult- Age 22-59","V1","128","47","50","109","118","114","341","116"
"A00050998","Adult- Age 22-59","V1","130","35","52","113","98","120","331","112"
"A00038718","Adult-Age 18-21","V1","121","50","46","92","119","104","315","104"
"A00040827","Adult-Age 18-21","V1","120","39","42","100","102","102","304","100"
"A00073288","ONE_DAY-AGE 9-10","VA","97","23","28","102","108","101","311","103"
"A00056295","Child Age 12","V1","118","31","32","109","99","93","301","99"
"A00053576","Adult-Age 18-21","V1","125","46","47","109","114","114","337","115"
"A00060429","Child Age 9-10","V1","114","26","42","118","109","127","354","123"
"A00062146","ONE_DAY-AGE 14","VA","115","37","44","97","101","111","309","102"
"A00040181","Older Adult- Age 65-85","V1","126","29","48","106","91","109","306","100"
"A00056452","Adult- Age 22-59","V1","129","33","43","111","94","97","302","99"
"A00040324","Older Adult- Age 65-85","V1","130","44","50","114","117","114","345","118"
"A00058317","Older Adult- Age 65-85","V1","127","36","42","108","104","100","312","103"
"A00073677","ENROLLED","VA_ALG","127","45","48","107","114","109","332","112"
"A00037396","Adult- Age 22-59","V1","130","48","48","111","116","108","335","114"
"A00054504","ENROLLED","V1","120","29","46","90","77","104","271","87"
"A00066926","ONE_DAY","VA","122","30","41","94","79","92","265","85"
"A00066396","ONE_DAY-Age 14","VA","125","28","43","116","83","108","307","101"
"A00045554","Adult- Age 22-59","V1","128","25","43","109","79","97","285","93"
"A00032008","Child- Age 6","V1","74","10","11","115","99","93","307","101"
"A00061656","ONE_DAY-Age 65-85","VA","130","39","50","114","109","114","337","115"
"A00034854","ENROLLED","V1REP","128","34","47","108","87","107","302","99"
"A00030989","Adult- Age 22-59","V1","131","40","50","113","103","113","329","111"
"A00063003","ONE_DAY-Age 13","VA","122","44","45","110","112","113","335","114"
"A00060846","Child- Age 13","V1","123","41","44","117","116","116","349","120"
"A00057235","ENROLLED","V1","129","41","41","110","101","92","303","99"
"A00040382","Older Adult- Age 65-85","V1","125","37","49","104","105","112","321","107"
"A00060806","Child Age 16-17","V1","125","37","39","108","94","94","296","97"
"A00053949","Older Adult- Age 60-64","V1","131","41","50","116","112","114","332","112"
"A00053202","Adult- Age 22-59","V1","130","39","48","113","104","109","326","109"
"A00058214","ENROLLED","V1","127","19","42","105","58","95","258","83"
"A00053626","Older Adult- Age 65-85","V1","122","32","45","100","97","103","300","98"
"A00037378","Adult- Age 22-59","V1","114","23","30","78","65","67","210","69"
"A00060265","Child Age 11","V1","109","36","29","105","127","93","325","109"
"A00043417","Adult- Age 22-59","V1","119","26","37","97","86","90","273","88"
"A00060100","Child Age 9-10","V1","104","27","30","102","108","96","306","100"
"A00058537","Child Age 14","V1","125","23","44","116","72","111","299","98"
"A00037646","Adult- Age 22-59","V1","118","38","48","95","107","109","311","103"
"A00037545","Adult- Age 22-59","V1","126","40","41","106","110","99","315","104"
"A00062997","ONE_DAY-Age 8","VA","71","12","18","87","81","87","255","82"
"A00060170","Older Adult- Age 65-85","V1","123","48","46","101","124","104","329","111"
"A00051679","Adult- Age 22-59","V1","128","48","48","107","116","108","331","112"
"A00065865","ONE_DAY-Age 65-85","VA","121","34","46","99","100","104","303","99"
"A00041557","Child- Ages 9-10","V1","100","21","26","102","98","94","294","96"
"A00043803","ENROLLED","V1","114","17","29","81","64","69","214","70"
"A00043383","Adult- Age 22-59","V1","127","38","48","107","103","109","319","106"
"A00039974","Older Adult- Age 60-64","V1","129","41","48","112","112","109","333","113"
"A00029303","Adult-Age 18-21","V1","123","34","45","105","95","110","310","102"
"A00021039","Older Adult- Age 65-85","V1","126","36","45","106","104","103","313","103"
"A00043520","Adult- Age 22-59","V1","122","50","42","94","120","94","308","101"
"A00039669","Older Adult- Age 60-64","V1","108","27","28","77","87","69","233","75"
"A00033231","Adult-Age 18-21","V1","130","45","51","118","108","124","350","121"
"A00040383","Adult- Age 22-59","V1","127","30","46","108","93","104","305","100"
"A00061387","ONE_DAY- Age 22-59","VA","126","19","43","103","58","97","258","83"
"A00056307","Child -Age 8","V1","112","20","33","124","107","120","351","121"
"A00037582","Adult- Age 22-59","V1","120","41","45","93","108","102","303","99"
"A00074034","ONE_DAY-AGE 9-10","VA","116","27","37","119","108","113","340","116"
"A00039636","Adult- Age 22-59","V1","130","44","50","112","107","114","333","113"
"A00056898","ENROLLED","V1","121","29","44","92","77","99","268","86"
"A00035606","Adult- Age 22-59","V1","113","25","42","79","79","95","253","81"
"A00031872","Adult- Age 22-59","V1","130","52","51","114","132","117","363","127"
"A00028192","Adult- Age 22-59","V1","129","38","45","111","103","102","316","105"
"A00035943","Adult- Age 22-59","V1","129","45","49","109","110","111","330","111"
"A00060093","ENROLLED","V1","125","42","42","100","106","94","300","98"
"A00044130","Adult- Age 22-59","V1","122","33","48","94","85","109","288","94"
"A00037198","Adult- Age 22-59","V1","122","22","42","94","72","94","260","84"
"A00054897","Adult- Age 22-59","V1","120","24","37","93","77","87","257","83"
"A00050912","Adult- Age 22-59","V1","123","40","47","101","110","107","318","106"
"A00029092","Adult-Age 18-21","V1","127","49","50","113","120","122","355","123"
"A00058539","Adult- Age 22-59","V1","108","22","28","70","74","67","211","70"
"A00039084","Adult- Age 22-59","V1","120","31","40","90","88","88","266","86"
"A00040874","Adult- Age 22-59","V1","126","42","48","102","106","108","316","105"
"A00035881","Adult- Age 22-59","V1","122","30","46","94","79","104","277","89"
"A00040312","Older Adult- Age 65-85","V1","131","45","53","116","119","123","358","125"
"A00039083","Older Adult- Age 65-85","V1","130","34","51","114","100","117","331","112"
"A00057203","ENROLLED","V1","129","44","45","110","107","102","319","106"
"A00039559","Older Adult- Age 65-85","V1","127","42","49","108","114","112","334","113"
"A00037112","Adult- Age 22-59","V1","122","25","42","94","77","94","265","85"
"A00055832","Child- Age 6","V1","69","12","16","123","121","119","363","127"
"A00062351","ONE_DAY- Age 22-59","VA","130","49","52","111","118","119","348","120"
"A00056628","Child- Age 13","V1","112","25","35","98","81","96","275","89"
"A00028340","Older Adult- Age 65-85","V1","128","21","41","110","76","99","285","93"
"A00052340","ENROLLED","V1","128","42","42","107","106","94","307","101"
"A00055541","Child- Ages 9-10","V1","115","28","38","123","125","124","372","131"
"A00031894","Adult- Age 22-59","V1","123","32","41","99","92","93","284","92"
"A00058215","Child Age 6","V1","74","11","20","115","105","117","337","115"
"A00035291","Child- Age 13","V1","108","35","39","92","103","104","299","98"
"A00035926","Adult-Age 18-21","V1","114","28","39","78","75","87","240","77"
"A00035363","Adult- Age 22-59","V1","122","34","46","94","87","104","285","93"
"A00066572","ONE_DAY-AGE 14","VA","127","41","51","120","106","128","354","123"
"A00028185","ENROLLED","V1REP","123","40","47","96","103","106","305","100"
"A00037848","ENROLLED","V1REP","119","31","41","88","88","91","267","86"
"A00059344","ENROLLED","V1","130","33","49","113","94","112","219","72"
"A00052499","Older Adult- Age 65-85","V1","131","41","53","116","112","123","351","121"
"A00058004","Child Age 8","V1","106","23","34","120","123","126","369","130"
"A00039943","Child - Age 15","V1","121","47","44","106","116","111","333","113"
"A00058952","ENROLLED","V1","119","30","43","91","88","97","276","89"
"A00055751","Adult- Age 22-59","V1","131","30","48","115","88","109","312","103"
"A00061281","ONE_DAY-Age 65-85","VA","131","53","51","116","134","117","367","129"
"A00055419","Child Age 15","V1","124","35","45","112","93","113","318","106"
"A00027651","Older Adult- Age 65-85","V1","130","36","49","114","104","112","330","111"
"A00051455","Older Adult- Age 65-85","V1","124","43","42","102","115","100","317","105"
"A00051528","Older Adult- Age 60-64","V1","131","34","49","116","100","112","328","110"
"A00073525","ENROLLED","VA_ALG","117","25","40","93","84","97","274","88"
"A00028246","Adult- Age 22-59","V1","128","29","42","110","91","100","301","99"
"A00056724","Child- Ages 9-10","V1","100","20","23","95","84","81","260","84"
"A00066781","ONE_DAY","VA","131","26","53","113","79","122","314","104"
"A00025566","Older Adult- Age 65-85","V1","113","33","35","86","99","85","270","87"
"A00073600","ONE_DAY","VA","128","35","47","108","89","107","304","100"
"A00028207","Adult- Age 22-59","V1","129","45","51","109","110","116","335","114"
"A00066871","ENROLLED","VA_ALG","128","42","49","109","109","112","330","111"
"A00052118","Older Adult- Age 65-85","V1","126","48","49","106","124","112","342","117"
"A00055462","Child Age 15","V1","119","51","38","102","124","94","320","107"
"A00063110","ONE_DAY- Age 22-59","VA","125","36","46","104","104","104","312","103"
"A00051513","Adult- Age 22-59","V1","129","25","32","111","79","76","266","86"
"A00059935","Child - Age 15","V1","121","50","46","106","122","116","344","118"
"A00060925","Adult- Age 22-59","V1","106","16","35","63","52","78","193","65"
"A00037160","Adult-Age 18-21","V1","126","43","48","111","109","117","337","115"
"A00029231","Adult- Age 22-59","V1","130","47","47","112","113","107","332","112"
"A00062369","ONE_DAY-AGE 16-17","VA","107","31","38","76","83","92","251","81"
"A00061001","ONE_DAY- Age 22-59","VA","127","","44","107","","99","",""
"A00066236","ONE_DAY","VA","131","52","49","113","124","111","348","120"
"A00055738","Adult- Age 22-59","V1","115","27","44","80","73","99","252","81"
"A00039500","Adult- Age 22-59","V1","116","40","37","85","106","87","278","90"
"A00057965","ENROLLED","V1","118","48","41","89","120","93","302","99"
"A00039168","Adult- Age 22-59","V1","127","38","40","107","103","92","302","99"
"A00040536","Older Adult- Age 65-85","V1","128","37","50","110","105","114","329","111"
"A00055727","Child -Age 8","V1","98","23","34","116","132","130","378","134"
"A00054914","ENROLLED","V1","130","42","52","113","109","120","342","117"
"A00059733","Child Age 9-10","V1","103","25","29","108","114","104","326","109"
"A00066237","ENROLLED","VA_ALG","121","51","50","99","130","114","343","117"
"A00043998","ENROLLED","V1","128","40","44","107","103","98","308","101"
"A00039655","Older Adult- Age 65-85","V1","131","41","50","116","112","114","342","117"
"A00034400","Adult- Age 22-59","V1","119","29","39","97","91","95","283","92"
"A00054441","ENROLLED","V1","131","53","53","113","126","122","361","126"
"A00062085","ONE_DAY-AGE 8","VA","111","26","40","123","128","138","388","138"
"A00029473","Older Adult- Age 65-85","V1","125","39","45","104","109","103","316","105"
"A00033747","Adult- Age 22-59","V1","121","33","45","92","92","101","285","93"
"A00065262","ONE_DAY-AGE 13","VA","116","36","42","105","105","111","321","107"
"A00040678","Adult- Age 22-59","V1","112","25","36","78","79","85","242","78"
"A00064596","ONE_DAY-AGE 12","VA","101","32","29","86","101","87","274","88"
"A00028845","Older Adult- Age 65-85","V1","125","34","48","104","100","109","313","103"
"A00051457","Older Adult- Age 65-85","V1","130","45","51","114","119","117","350","121"
"A00037457","Adult- Age 22-59","V1","116","29","41","91","91","99","281","91"
"A00052237","Child Age 16-17","V1","109","36","41","79","93","98","270","87"
"A00066245","ENROLLED","VA_ALG","124","37","49","101","101","112","314","104"
"A00053851","ENROLLED","V1","131","43","52","113","107","119","339","116"
"A00033022","Older Adult- Age 60-64","V1","105","24","25","73","82","63","218","71"
"A00039463","Adult- Age 22-59","V1","127","30","49","105","79","112","296","97"
"A00039277","ENROLLED","V1REP","120","26","40","90","79","88","257","83"
"A00028352","Adult- Age 22-59","V1","129","44","43","110","107","97","314","104"
"A00040573","Adult- Age 22-59","V1","117","35","39","84","95","86","265","85"
"A00051726","Adult-Age 18-21","V1","127","32","39","113","91","95","299","98"
"A00040493","Adult- Age 22-59","V1","127","32","47","107","92","107","306","100"
"A00055121","ENROLLED","V1","119","37","42","88","98","94","280","91"
"A00032817","Child-Age 11","V1","119","33","38","119","113","110","342","117"
"A00058503","ENROLLED","VA_ALG","129","39","51","111","104","117","332","112"
"A00055076","Child Age 9-10","V1","107","29","31","108","119","103","330","111"
"A00040174","Adult- Age 22-59","V1","130","43","43","113","111","97","321","107"
"A00050677","Child-Age 7 ","V1","58","9","12","90","82","85","257","83"
"A00052183","Child Age 16-17","V1","129","51","51","116","122","126","364","128"
"A00037116","Adult- Age 22-59","V1","129","30","49","110","79","112","301","99"
"A00052502","Adult-Age 18-21","V1","130","46","41","119","114","100","333","113"
"A00066580","ONE_DAY-AGE 9-10","VA","87","19","26","94","100","99","293","96"
"A00040524","Adult- Age 22-59","V1","119","29","47","88","77","107","182","63"
"A00058685","Child Age 16-17","V1","118","33","37","96","87","90","273","88"
"A00035796","Adult- Age 22-59","V1","125","31","39","103","90","91","284","92"
"A00065478","ONE_DAY- Age 22-59","VA","104","27","27","71","87","67","225","73"
"A00043788","Child Age 13","V1","112","28","37","97","86","99","282","91"
"A00039657","Older Adult- Age 65-85","V1","130","36","51","114","104","117","335","114"
"A00056097","Adult- Age 22-59","V1","131","49","51","113","118","116","347","119"
"A00066153","ONE_DAY","VA","128","46","45","108","111","102","321","107"
"A00062989","ONE_DAY-Age 15","VA","126","50","50","116","122","126","364","128"
"A00033021","Older Adult- Age 65-85","V1","127","29","43","108","91","101","300","98"
"A00051529","Adult- Age 22-59","V1","126","26","46","106","86","104","296","97"
"A00039607","Adult- Age 22-59","V1","125","34","46","103","96","104","303","99"
"A00038285","Adult-Age 18-21","V1","124","28","43","107","84","105","296","97"
"A00058436","Older Adult- Age 65-85","V1","131","38","52","116","107","120","343","117"
"A00058756","Child Age 11","V1","121","43","40","120","137","113","370","130"
"A00051023","Adult- Age 22-59","V1","122","51","43","100","130","101","331","112"
"A00062268","ONE_DAY- Age 22-59","VA","131","40","51","115","106","117","338","115"
"A00038957","Adult- Age 22-59","V1","110","34","29","74","96","69","239","77"
"A00040248","Older Adult- Age 65-85","V1","130","52","50","114","132","114","360","126"
"A00065974","ONE_DAY- Age 22-59","VA","111","29","39","76","86","91","253","81"
"A00055447","ENROLLED","V1","130","41","50","113","108","114","335","114"
"A00028399","Adult- Age 22-59","V1","121","37","38","99","105","93","297","97"
"A00043722","Adult- Age 22-59","V1","126","47","46","102","114","103","319","106"
"A00035076","Older Adult- Age 65-85","V1","124","29","47","102","91","107","300","98"
"A00040815","Child Age 9-10","V1","83","14","20","90","82","85","257","83"
"A00059346","ENROLLED","V1","129","34","52","111","96","120","327","110"
"A00039819","Adult- Age 22-59","V1","130","51","49","112","121","112","345","118"
"A00066391","ONE_DAY-Age 8","VA","98","15","23","109","89","96","294","96"
"A00058644","Older Adult- Age 65-85","V1","131","39","48","116","109","109","334","113"
"A00073296","ONE_DAY-Age 65-85","VA","124","25","47","102","84","107","293","96"
"A00050940","ENROLLED","V1","118","21","34","86","70","75","231","75"
"A00040461","Adult- Age 22-59","V1","116","33","41","91","99","99","289","94"
"A00059316","Child Age 12","V1","117","35","41","110","112","113","335","114"
"A00031219","Adolescent- Age  16-17","V1","117","39","41","94","98","98","290","95"
"A00057863","Child Age 8","V1","99","20","38","113","112","137","362","127"
"A00052069","Child Age 9-10","V1","112","30","34","116","123","109","348","120"
"A00053627","Adult- Age 22-59","V1","124","40","48","102","110","109","321","107"
"A00062937","ONE_DAY-Age 60-64","VA","128","27","50","110","87","114","311","103"
"A00053473","ENROLLED","V1","121","29","37","92","84","81","257","83"
"A00060582","Adult- Age 22-59","V1","126","24","50","103","67","114","284","92"
"A00031625","Adult- Age 22-59","V1","130","32","45","111","90","101","302","99"
"A00037445","Adult- Age 22-59","V1","125","29","49","100","84","111","295","97"
"A00040640","Adult- Age 22-59","V1","130","25","46","111","77","103","291","95"
"A00064597","ONE_DAY-Age 9-10","VA","121","34","47","123","121","132","376","133"
"A00059018","ONE_DAY","V1","126","50","44","103","119","99","321","107"
"A00055116","Child - Age 15","V1","107","14","38","80","46","94","220","72"
"A00050977","Older Adult- Age 65-85","V1","130","47","50","114","122","114","350","121"
"A00060099","Child Age 12","V1","117","45","39","110","137","109","356","124"
"A00057405","Child Age 13","V1","128","46","45","126","123","117","366","128"
"A00066131","ENROLLED","VA_ALG","131","39","50","116","109","114","339","116"
"A00060371","ENROLLED","V1","129","46","50","109","112","113","334","113"
"A00028842","Adult- Age 22-59","V1","120","40","43","93","106","97","296","97"
"A00061725","ONE_DAY-Age 65-85","VA","129","36","51","112","104","117","333","113"
"A00056605","Child Age 14","V1","124","49","50","114","122","126","362","127"
"A00073942","ENROLLED","VA_ALG","112","22","37","85","78","90","253","81"
"A00058515","ENROLLED","V1","115","40","41","80","99","92","271","87"
"A00058061","Child Age 9-10","V1","114","35","45","114","128","129","371","131"
"A00033747","ENROLLED","V1REP","120","25","46","90","77","103","270","87"
"A00027443","Child - Age 15","V1","120","38","46","104","98","116","318","106"
"A00028605","Adult- Age 22-59","V1","128","25","44","110","84","102","296","97"
"A00059325","Child-Age 12","V1","107","33","29","91","103","86","280","91"
"A00056098","Adult- Age 22-59","V1","124","27","46","98","81","103","282","91"
"A00056022","Child- Ages 9-10","V1","106","26","30","112","118","106","336","114"
"A00043635","Adult- Age 22-59","V1","107","50","35","76","128","85","289","94"
"A00037110","Adult- Age 22-59","V1","126","23","46","106","80","104","290","95"
"A00050679","Older Adult- Age 65-85","V1","125","31","46","104","95","104","303","99"
"A00062917","ONE_DAY- Age 22-59","VA","130","35","51","112","89","117","318","106"
"A00039640","Older Adult- Age 65-85","V1","130","52","52","114","132","120","366","128"
"A00066460","ONE_DAY-Age 65-85","VA","127","32","47","108","97","107","312","103"
"A00043617","Adult- Age 22-59","V1","130","35","47","113","98","107","318","106"
"A00035440","Older Adult- Age 60-64","V1","129","46","52","112","121","120","353","122"
"A00040494","Adult- Age 22-59","V1","120","31","40","93","90","92","275","89"
"A00059422","Child Age 7","V1","75","14","21","99","102","103","304","100"
"A00060630","Adult- Age 22-59","V1","124","25","43","98","77","96","271","87"
"A00037818","Older Adult- Age 65-85","V1","130","42","50","114","114","114","342","117"
"A00043521","Adult- Age 22-59","V1","111","36","40","76","100","92","268","86"
"A00032875","Adult- Age 22-59","V1","131","39","51","115","104","117","336","114"
"A00061634","ONE_DAY- Age 22-59","VA","124","23","45","102","80","103","285","93"
"A00040628","ONE_DAY","VA-REP","128","47","48","108","113","109","330","111"
"A00060628","ONE_DAY- Age 18-21","VA","120","","43","99","","102","",""
"A00039756","Older Adult- Age 65-85","V1","128","29","49","110","91","112","313","103"
"A00057967","Child-Age 11","V1","107","32","32","100","110","98","308","101"
"A00040580","Older Adult- Age 60-64","V1","123","35","46","101","102","104","307","101"
"A00033734","Older Adult- Age 60-64","V1","118","26","46","95","86","104","285","93"
"A00031881","Child - Age 15","V1","126","42","48","116","106","121","343","117"
"A00037877","Adult-Age 18-21","V1","122","47","44","103","116","107","326","109"
"A00037483","Child-Age 11","V1","121","37","39","120","120","110","350","121"
"A00028625","Older Adult- Age 65-85","V1","127","28","42","108","89","100","297","97"
"A00055215","Adult- Age 22-59","V1","126","33","44","103","85","99","287","93"
"A00060306","Older Adult- Age 65-85","V1","130","38","49","114","107","112","333","113"
"A00037511","ENROLLED","V1REP","113","28","38","76","83","83","242","78"
"A00055866","Child- Ages 9-10","V1","80","20","21","84","98","85","267","86"
"A00057005","ENROLLED","V1","120","23","39","90","65","87","242","78"
"A00059662","ONE_DAY- Age 22-59","VA","","","","","","","",""
"A00039249","Adult- Age 22-59","V1","131","22","46","116","78","104","298","98"
"A00066827","ONE_DAY","VA","125","36","48","100","97","108","305","100"
"A00039490","Older Adult- Age 65-85","V1","127","28","41","108","89","99","296","97"
"A00039856","Older Adult- Age 65-85","V1","129","46","50","112","121","114","347","119"
"A00041049","Adult- Age 22-59","V1","128","34","44","110","100","102","312","103"
"A00034385","Adult- Age 22-59","V1","124","34","43","98","94","96","288","94"
"A00051691","Child Age 6","V1","85","15","24","124","124","127","375","133"
"A00059664","Older Adult- Age 60-64","V1","124","37","45","102","105","103","310","102"
"A00028380","Older Adult- Age 60-64","V1","123","31","48","101","95","109","305","100"
"A00043466","Adult-Age 18-21","V1","104","22","29","71","73","72","216","71"
"A00061203","ONE_DAY- Age 22-59","VA","131","38","51","116","107","117","340","116"
"A00061210","ONE_DAY- Age 22-59","VA","128","40","46","110","110","104","324","108"
"A00033764","Adult- Age 22-59","V1","128","42","47","109","109","107","325","109"
"A00053455","ENROLLED","V1","131","29","49","115","86","112","313","103"
"A00019903","Older Adult- Age 65-85","V1","131","29","47","116","91","107","314","104"
"A00028271","Older Adult- Age 60-64","V1","117","26","31","93","86","76","255","82"
"A00053406","Child Age 6","V1","102","14","23","140","120","124","384","137"
"A00055262","Child Age 9-10","V1","106","33","40","110","137","125","372","131"
"A00037589","Older Adult- Age 65-85","V1","129","31","50","112","95","114","321","107"
"A00062983","ONE_DAY-Age 16-17","VA","129","26","41","117","80","100","297","97"
"A00034350","Child-Age 11","V1","116","29","37","111","99","106","316","105"
"A00037375","Adult- Age 22-59","V1","128","28","39","110","89","95","294","96"
"A00032862","Adult- Age 22-59","V1","131","31","49","115","90","112","317","105"
"A00033247","Adult- Age 22-59","V1","124","45","42","98","109","95","302","99"
"A00062144","ONE_DAY-Age 15","VA","127","39","44","118","100","111","329","111"
"A00060430","Adult- Age 22-59","V1","126","45","46","105","114","104","323","108"
"A00039432","Adult- Age 22-59","V1","130","43","47","114","115","107","336","114"
"A00033673","Older Adult- Age 65-85","V1","119","28","35","97","89","85","271","87"
"A00057313","ENROLLED","V1","131","40","47","115","106","107","328","110"
"A00013809","Older Adult- Age 60-64","V1","126","41","45","106","112","103","321","107"
"A00032010","Older Adult- Age 65-85","V1","128","30","50","110","93","114","317","105"
"A00063000","ONE_DAY- Age 22-59","VA","112","28","44","85","89","102","276","89"
"A00061600","ONE_DAY-Age 65-85","VA","131","52","52","116","132","120","368","129"
"A00061806","ONE_DAY- Age 22-59","VA","125","43","45","103","111","102","316","105"
"A00028287","Adult-Age 18-21","V1","126","44","45","101","107","109","317","105"
"A00032007","Adult-Age 18-21","V1","128","52","50","115","126","122","363","127"
"A00053927","Adult- Age 22-59","V1","126","34","47","105","96","107","308","101"
"A00060383","ONE_DAY- Age 22-59","VA","131","","51","116","","117","",""
"A00035377","Child - Age 15","V1","123","27","41","110","77","102","289","94"
"A00065480","ONE_DAY- Age 22-59","VA","125","26","51","103","81","117","301","99"
"A00039040","Older Adult- Age 65-85","V1","130","25","50","114","84","114","312","103"
"A00058998","Older Adult- Age 65-85","V1","129","25","47","112","84","107","303","99"
"A00065750","ONE_DAY-Age 8","VA","73","14","18","93","95","91","279","90"
"A00052613","Child - Age 14","V1","114","26","40","96","79","101","276","89"
"A00038603","Child -Age 8","V1","95","12","23","109","81","99","289","94"
"A00065611","ONE_DAY-Age 60-64","VA","129","34","52","112","100","120","332","112"
"A00062285","ONE_DAY- Age 22-59","VA","127","31","49","108","95","112","315","104"
"A00066389","ONE_DAY-Age 65-85","VA","127","37","47","108","105","107","320","107"
"A00056372","Older Adult- Age 65-85","V1","128","28","51","110","89","117","316","105"
"A00035588","Adult- Age 22-59","V1","128","30","42","108","79","95","282","91"
"A00035535","Adult- Age 22-59","V1","124","24","42","101","77","95","273","88"
"A00031452","Adult- Age 22-59","V1","114","25","38","81","79","89","249","80"
"A00056198","Child Age 9-10","V1","100","18","29","108","96","107","311","103"
"A00060006","ENROLLED","V1","129","25","43","109","77","96","282","91"
"A00040915","Adult-Age 18-21","V1","123","23","45","96","65","102","263","85"
"A00045590","ENROLLED","V1","129","41","48","109","104","108","321","107"
"A00056225","Child-Age 12","V1","116","31","39","105","97","106","308","101"
"A00053873","Child Age 6","V1","89","14","24","128","120","127","375","133"
"A00038414","Older Adult- Age 60-64","V1","129","39","53","112","109","123","344","118"
"A00065995","ONE_DAY- Age 22-59","VA","125","52","51","103","128","117","348","120"
"A00045589","Older Adult- Age 60-64","V1","128","43","48","110","115","109","334","113"
"A00040629","Older Adult- Age 65-85","V1","124","29","42","102","91","100","293","96"
"A00027159","Child-Age 11","V1","114","31","38","112","112","112","336","114"
"A00038959","Older Adult- Age 65-85","V1","128","33","50","110","99","114","323","108"
"A00058131","ENROLLED","V1","122","39","44","94","101","98","293","96"
"A00060362","ENROLLED","V1","127","31","41","104","88","91","283","92"
"A00051477","Adult-Age 18-21","V1","127","31","45","105","81","102","288","94"
"A00038522","Adult- Age 22-59","V1","126","26","48","103","71","109","283","92"
"A00057725","Child Age 7","V1","77","11","18","112","98","106","316","105"
"A00055946","Child-Age 7 ","V1","118","20","42","141","129","155","425","152"
"A00035699","Adult- Age 22-59","V1","117","33","41","87","94","93","274","88"
"A00064507","ONE_DAY-Age 9-10","VA","115","23","41","117","96","122","335","114"
"A00066282","ONE_DAY- Age 22-59","VA","131","37","50","115","101","114","330","111"
"A00061597","ONE_DAY- Age 22-59","VA","126","32","47","105","92","107","304","100"
"A00051604","Older Adult- Age 65-85","V1","126","47","41","106","122","99","327","110"
"A00035562","Adult- Age 22-59","V1","117","32","46","93","97","104","294","96"
"A00063455","ONE_DAY-Age 65-85","VA","126","46","47","106","121","107","334","113"
"A00065197","ONE_DAY- Age 18-21","VA","120","15","45","99","46","107","252","81"
"A00044171","Adult-Age 18-21","V1","127","50","50","112","117","121","350","121"
"A00039118","Adult- Age 22-59","V1","119","25","37","91","79","87","257","83"
"A00040286","Older Adult- Age 65-85","V1","130","33","48","114","99","109","322","108"
"A00061415","ONE_DAY-AGE 9-10","VA","115","30","33","119","123","107","349","120"
"A00052234","Older Adult- Age 65-85","V1","125","32","41","104","97","99","300","98"
"A00037421","Adult- Age 22-59","V1","118","32","46","89","92","104","285","93"
"A00060259","ENROLLED","V1","127","30","48","104","86","108","298","98"
"A00055158","Child Age 13","V1","114","36","43","101","105","113","319","106"
"A00039685","Adult- Age 22-59","V1","128","38","45","109","103","102","314","104"
"A00073230","ENROLLED","VA_ALG","126","44","47","106","117","107","330","111"
"A00035036","Adult- Age 22-59","V1","127","45","49","104","110","111","325","109"
"A00061711","ONE_DAY- Age 22-59","VA","126","36","50","105","100","114","319","106"
"A00052181","ENROLLED","V1","129","47","51","111","118","117","346","119"
"A00066248","ONE_DAY-Age 7","VA","74","12","18","109","103","106","318","106"
"A00043384","Adult-Age 18-21","V1","125","40","49","101","99","112","312","103"
"A00034093","Older Adult- Age 65-85","V1","130","47","46","114","122","104","340","116"
"A00038115","Adult- Age 22-59","V1","131","46","51","115","116","117","348","120"
"A00037386","Adult- Age 22-59","V1","125","25","46","104","84","104","292","95"
"A00065722","ONE_DAY- Age 22-59","VA","126","23","48","106","80","109","295","97"
"A00044410","Older Adult- Age 65-85","V1","130","47","50","114","122","114","350","121"
"A00040992","Child- Ages 9-10","V1","102","14","30","105","75","103","283","92"
"A00037267","Adult- Age 22-59","V1","128","32","51","110","97","117","324","108"
"A00066860","ONE_DAY-Age 7","VA","74","11","20","109","98","111","318","106"
"A00061274","ONE_DAY-Age 65-85","VA","125","43","41","104","115","99","318","106"
"A00055920","Child Age 9-10","V1","102","25","38","105","110","121","336","114"
"A00065486","ONE_DAY-Age 8","VA","82","9","19","96","69","89","254","82"
"A00035561","Child-Age 11","V1","97","30","31","89","109","97","295","97"
"A00028995","Adult- Age 22-59","V1","121","33","46","95","94","104","293","96"
"A00060480","ENROLLED","V1","129","37","46","109","98","103","310","102"
"A00065263","ONE_DAY-Age 12","VA","113","41","36","102","122","101","325","109"
"A00041505","Adult- Age 22-59","V1","117","25","40","87","79","92","258","83"
"A00055867","Child Age 15","V1","124","53","48","112","128","121","361","126"
"A00050721","Adult- Age 22-59","V1","130","25","46","113","79","104","296","97"
"A00040104","Older Adult- Age 65-85","V1","129","49","46","112","126","104","342","117"
"A00055061","Adult- Age 22-59","V1","123","32","46","101","97","104","302","99"
"A00057786","ENROLLED","V1","129","42","50","110","103","114","327","110"
"A00066788","ENROLLED","VA_ALG","120","21","43","93","72","97","262","84"
"A00055122","Child Age 15","V1","124","50","48","112","122","121","355","123"
"A00065617","ONE_DAY","VA","126","35","42","103","89","95","287","93"
"A00059846","Child - Age 15","V1","131","24","46","126","71","116","313","103"
"A00038519","Older Adult- Age 65-85","V1","131","38","48","116","107","109","332","112"
"A00061787","ONE_DAY-Age 65-85","VA","125","23","39","104","80","95","279","90"
"A00038605","Adult-Age 18-21","V1","128","23","45","115","74","110","299","98"
"A00062809","ONE_DAY-Age 15","VA","123","51","43","110","124","108","342","117"
"A00052180","Adult- Age 22-59","V1","124","34","46","101","96","104","301","99"
"A00031459","Adult-Age 18-21","V1","123","44","40","105","111","98","314","104"
"A00057444","ENROLLED","V1","122","39","46","94","97","104","295","97"
"A00054929","Older Adult- Age 65-85","V1","129","31","50","112","95","114","321","107"
"A00065302","ONE_DAY-Age 65-85","VA","129","41","52","112","112","120","344","118"
"A00037712","Adult- Age 22-59","V1","126","24","43","106","82","101","289","94"
"A00059663","Older Adult- Age 65-85","V1","129","32","48","112","97","109","318","106"
"A00044370","Adult- Age 22-59","V1","127","30","47","108","93","107","308","101"
"A00066800","ONE_DAY- Age 22-59","VA","126","33","47","105","94","107","306","100"
"A00060675","Child- Age 6","V1","44","9","12","94","101","101","296","97"
"A00038424","Older Adult- Age 65-85","V1","128","31","50","110","95","114","319","106"
"A00037866","Adult- Age 22-59","V1","121","38","44","95","103","99","297","97"
"A00040116","Adult- Age 22-59","V1","127","45","51","107","114","117","338","115"
"A00061715","ONE_DAY-Age 16-17","VA","124","38","39","106","96","94","296","97"
"A00052639","Adult- Age 22-59","V1","131","45","52","116","119","120","355","123"
"A00060574","ONE_DAY- Age 22-59","VA","115","","32","90","","78","",""
"A00043509","Adult- Age 22-59","V1","131","53","48","114","125","109","348","120"
"A00035879","Adult- Age 22-59","V1","122","26","43","94","71","97","262","84"
"A00052612","Adult- Age 22-59","V1","124","33","45","101","94","102","297","97"
"A00031216","Adult-Age 18-21","V1","127","41","49","113","106","120","339","116"
"A00043634","Adult- Age 22-59","V1","126","50","51","106","128","117","351","121"
"A00037244","Adult- Age 22-59","V1","113","29","37","86","91","90","267","86"
"A00031217","Adult-Age 18-21","V1","124","50","44","107","122","107","327","110"
"A00039916","Older Adult- Age 65-85","V1","125","34","40","104","100","97","301","99"
"A00054621","Older Adult- Age 65-85","V1","129","43","46","112","115","104","331","112"
"A00062292","ONE_DAY- Age 22-59","VA","123","23","43","101","80","107","282","91"
"A00031871","Adult- Age 22-59","V1","131","45","51","113","110","116","339","116"
"A00027167","Child - Age 14","V1","127","32","46","120","92","116","328","110"
"A00066822","ONE_DAY","VA","124","35","46","98","95","103","296","97"
"A00050911","Older Adult- Age 65-85","V1","122","21","49","100","76","126","302","99"
"A00058952","ENROLLED","VA_ALG","119","28","40","91","85","92","268","86"
"A00060472","Child Age 16-17","V1","124","49","48","106","118","118","342","117"
"A00054153","Older Adult- Age 60-64","V1","126","23","39","106","80","95","281","91"
"A00040567","Older Adult- Age 65-85","V1","130","27","47","114","87","107","308","101"
"A00040890","Adult- Age 22-59","V1","128","37","49","108","93","112","313","103"
"A00058686","ENROLLED","V1","127","48","49","105","115","112","332","112"
"A00039965","Older Adult- Age 65-85","V1","129","37","45","112","105","103","320","107"
"A00035608","Adult- Age 22-59","V1","131","52","51","114","123","117","354","123"
"A00035292","Child-Age 11","V1","120","48","48","120","157","134","411","148"
"A00028266","Older Adult- Age 65-85","V1","129","25","49","112","84","112","308","101"
"A00030990","Older Adult- Age 65-85","V1","115","21","37","90","76","90","256","82"
"A00066314","ONE_DAY-AGE 13","VA","114","43","36","100","117","97","314","104"
"A00029075","Older Adult- Age 65-85","V1","122","30","49","100","93","112","305","100"
"A00066812","ONE_DAY","VA","121","36","44","92","91","99","282","91"
"A00044011","Adult- Age 22-59","V1","130","47","50","113","118","114","345","118"
"A00044154","Adult- Age 22-59","V1","125","44","42","104","117","100","321","107"
"A00061276","ONE_DAY- Age 22-59","VA","122","21","42","97","72","95","264","85"
"A00051456","Older Adult- Age 60-64","V1","127","39","43","108","109","101","318","106"
"A00039143","Adult- Age 22-59","V1","126","27","45","103","73","102","278","90"
"A00031832","Child-Age 12","V1","110","18","38","96","66","104","266","86"
"A00055763","Adult- Age 22-59","V1","110","34","33","74","96","79","249","80"
"A00028929","Older Adult- Age 60-64","V1","128","33","52","110","99","120","329","111"
"A00037726","Adult- Age 22-59","V1","120","28","44","98","89","102","289","94"
"A00062353","ONE_DAY-Age 9-10","VA","93","27","29","92","112","99","303","99"
"A00058571","ENROLLED","V1","118","24","34","89","77","81","247","79"
"A00073953","ENROLLED","VA_ALG","131","50","51","116","128","117","361","126"
"A00066864","ENROLLED","VA_ALG","123","32","48","101","97","109","307","101"
"A00039866","Child-Age 12","V1","122","43","46","116","124","123","363","127"
"A00037111","Adult- Age 22-59","V1","124","40","50","102","110","114","326","109"
"A00061485","ONE_DAY-Age 60-64","VA","126","30","47","106","93","107","306","100"
"A00028994","Adult- Age 22-59","V1","127","40","45","108","110","103","321","107"
"A00043704","ENROLLED","V1","125","30","44","100","86","98","284","92"
"A00063425","ONE_DAY-Age 14","VA","121","35","44","108","98","111","317","105"
"A00040301","Adult- Age 22-59","V1","128","52","42","108","123","95","326","109"
"A00060632","Adult- Age 22-59","V1","124","33","37","98","92","81","271","87"
"A00059875","Child -Age 8","V1","67","10","16","88","78","87","253","81"
"A00066246","ONE_DAY- Age 22-59","VA","125","43","47","101","105","107","313","103"
"A00061275","ONE_DAY-Age 65-85","VA","127","17","38","108","69","93","270","87"
"A00030980","Child- Age 13","V1","113","20","39","100","69","104","273","88"
"A00053926","Older Adult- Age 65-85","V1","128","40","40","110","110","97","317","105"
"A00033834","Adult- Age 22-59","V1","127","37","46","108","105","104","317","105"
"A00053901","Adult- Age 22-59","V1","121","27","44","95","83","99","277","89"
"A00035827","Adult- Age 22-59","V1","116","37","39","85","101","91","277","89"
"A00053854","ENROLLED","V1","116","28","41","82","83","91","256","82"
"A00066865","ONE_DAY","VA","131","40","52","115","106","120","341","116"
"A00028822","Adult- Age 22-59","V1","129","15","43","112","66","101","279","90"
"A00029076","Adult-Age 18-21","V1","129","49","52","117","120","128","365","128"
"A00029104","Adult- Age 22-59","V1","129","49","50","111","122","114","347","119"
"A00053578","Adult-Age 18-21","V1","121","42","49","92","103","112","307","101"
"A00034854","Adult-Age 18-21","V1","123","33","46","96","85","104","285","93"
"A00040800","Child Age 16-17","V1","123","43","36","104","106","88","298","98"
"A00066573","ONE_DAY-Age 7","VA","82","9","15","110","82","93","285","93"
"A00043677","Adult- Age 22-59","V1","129","40","47","110","99","107","316","105"
"A00037439","Adult- Age 22-59","V1","126","39","48","106","109","109","324","108"
"A00035054","Older Adult- Age 65-85","V1","115","35","39","90","102","95","287","93"
"A00039218","Adult- Age 22-59","V1","119","29","40","88","84","88","260","84"
"A00056453","Adolescent- Age  16-17","V1","109","30","34","79","81","84","244","78"
"A00061727","ONE_DAY- Age 18-21","VA","127","39","51","113","102","125","340","116"
"A00060431","Older Adult- Age 65-85","V1","125","26","42","104","86","100","290","95"
"A00028184","Adult- Age 22-59","V1","110","30","32","81","93","78","252","81"
"A00035960","Adult-Age 18-21","V1","128","51","52","108","121","120","349","120"
"A00066130","ONE_DAY-Age 65-85","VA","128","28","48","110","89","109","308","101"
"A00060301","Older Adult- Age 65-85","V1","128","37","45","110","105","103","318","106"
"A00058503","ENROLLED","V1","128","37","52","109","101","120","330","111"
"A00044068","Older Adult- Age 65-85","V1","117","25","34","93","84","83","260","84"
"A00056627","ENROLLED","V1","129","47","51","110","113","117","340","116"
"A00061407","ONE_DAY","VA","124","35","43","101","98","97","296","97"
"A00055542","Adult- Age 22-59","V1","131","34","48","113","94","108","315","104"
"A00061598","ONE_DAY- Age 22-59","VA","129","40","52","109","103","119","331","112"
"A00065178","ONE_DAY-Age 9-10","VA","100","28","33","95","108","103","306","100"
"A00066091","ONE_DAY","VA","124","33","40","98","85","89","272","88"
"A00060252","Older Adult- Age 65-85","V1","121","31","43","99","95","101","295","97"
"A00044012","Adult-Age 18-21","V1","124","38","47","107","101","114","322","108"
"A00040990","Adult- Age 22-59","V1","126","34","51","105","96","117","318","106"
"A00040182","Older Adult- Age 65-85","V1","126","32","41","106","97","107","310","102"
"A00062926","ONE_DAY- Age 22-59","VA","124","36","45","101","100","102","303","99"
"A00060629","ONE_DAY- Age 18-21","VA","106","","26","74","","65","",""
"A00062282","ONE_DAY- Age 22-59","VA","131","38","51","115","103","117","335","114"
"A00038642","ONE_DAY","VA-REP","127","38","50","104","100","113","317","105"
"A00028185","Adult- Age 22-59","V1","123","38","48","96","100","108","304","100"
"A00037768","Adult- Age 22-59","V1","122","32","45","97","92","102","291","95"
"A00034987","Adult- Age 22-59","V1","111","36","40","76","100","92","268","86"
"A00053647","Adult- Age 22-59","V1","129","42","42","112","114","100","326","109"
"A00058999","ENROLLED","V1","113","25","42","76","69","95","240","77"
"A00059142","Child Age 7","V1","91","13","23","114","97","107","318","106"
"A00059074","ENROLLED","V1","123","27","46","96","81","103","280","91"
"A00032864","Child-Age 11","V1","93","23","25","83","86","82","251","81"
"A00065802","ONE_DAY-Age 15","VA","122","41","41","110","106","103","319","106"
"A00056020","Child- Age 6","V1","81","10","18","127","105","118","350","121"
"A00060169","ENROLLED","V1","127","40","48","105","99","109","313","103"
"A00055353","Older Adult- Age 65-85","V1","128","37","47","110","105","107","322","108"
"A00055692","Adult- Age 22-59","V1","110","30","32","81","93","78","252","81"
"A00058318","Older Adult- Age 65-85","V1","124","40","45","102","110","103","315","104"
"A00062361","ONE_DAY-Age 9-10","VA","115","21","34","121","98","112","331","112"
"A00028429","Adult-Age 18-21","V1","128","34","44","115","95","107","317","105"
"A00051678","Older Adult- Age 65-85","V1","128","48","53","110","124","123","357","124"
"A00040343","Older Adult- Age 60-64","V1","131","33","53","116","99","123","338","115"
"A00040891","Adult- Age 22-59","V1","111","26","41","83","86","99","268","86"
"A00055991","Child Age 15","V1","114","43","39","93","108","96","297","97"
"A00040757","Adult- Age 22-59","V1","121","27","43","95","83","97","275","89"
"A00028871","Adult- Age 22-59","V1","113","25","36","79","79","85","243","78"
"A00062009","ONE_DAY-Age 11","VA","103","27","23","94","96","78","268","86"
"A00039975","Older Adult- Age 65-85","V1","131","30","49","116","93","112","321","107"
"A00061923","ONE_DAY-AGE 16-17","VA","129","31","44","116","83","108","307","101"
"A00054173","Adult-Age 18-21","V1","128","49","49","115","120","120","355","123"
"A00033589","Adult- Age 22-59","V1","129","34","47","112","100","107","319","106"
"A00037377","Adult- Age 22-59","V1","130","52","52","113","128","120","361","126"
"A00052560","ENROLLED","V1","131","40","49","115","106","112","333","113"
"A00043450","Adult- Age 22-59","V1","115","27","39","80","73","87","240","77"
"A00065565","ONE_DAY-Age 65-85","VA","117","27","32","93","87","78","258","83"
"A00040285","Older Adult- Age 65-85","V1","125","37","42","104","105","100","309","102"
"A00037848","Adult- Age 22-59","V1","121","29","39","92","84","86","262","84"
"A00038159","Adult-Age 18-21","V1","129","43","48","117","109","117","343","117"
"A00055332","Child - Age 15","V1","127","23","39","118","68","96","282","91"
"A00059107","Adult- Age 22-59","V1","131","40","51","116","110","117","343","117"
"A00066419","ENROLLED","VA_ALG","131","44","53","116","117","123","356","124"
"A00039488","ENROLLED","V1REP","120","35","43","90","95","96","281","91"
"A00075920","Adult- Age 22-59","V1","127","36","51","107","100","117","324","108"
"A00035941","Child - Age 14","V1","112","35","39","92","98","99","289","94"
"A00031578","Child- Ages 9-10","V1","93","17","25","89","78","87","254","82"
"A00055906","Child - Age 15","V1","123","47","45","110","116","113","339","116"
"A00029230","Adult- Age 22-59","V1","125","32","51","104","97","117","318","106"
"A00062255","ONE_DAY- Age 22-59","VA","118","36","34","89","100","81","270","87"
"A00055373","ENROLLED","V1","129","48","49","109","116","111","336","114"
"A00062368","ONE_DAY- Age 22-59","VA","130","26","48","114","86","109","309","102"
"A00051835","Older Adult- Age 60-64","V1","123","29","47","101","91","107","299","98"
"A00066232","ONE_DAY- Age 22-59","VA","124","42","46","98","103","104","305","100"
"A00063383","ONE_DAY-AGE 16-17","VA","123","36","46","104","93","109","306","100"
"A00031167","Adult- Age 22-59","V1","130","33","45","113","94","102","309","102"
"A00055646","Adult- Age 22-59","V1","127","36","49","104","97","111","312","103"
"A00028177","Adult- Age 22-59","V1","126","43","44","103","105","99","307","101"
"A00053369","Older Adult- Age 60-64","V1","129","33","52","112","99","120","331","112"
"A00051927","Adult- Age 22-59","V1","131","39","51","115","104","117","336","114"
"A00040581","Child- Age 6","V1","66","11","17","108","105","109","322","108"
"A00065792","ONE_DAY-AGE 7","VA","78","12","18","107","97","100","304","100"
"A00038623","Adult- Age 22-59","V1","118","33","45","89","94","102","285","93"
"A00059361","ENROLLED","VA_ALG","130","45","52","114","119","120","353","122"
"A00040556","Child- Ages 9-10","V1","113","31","33","119","130","110","359","125"
"A00029215","Adult- Age 22-59","V1","127","34","45","108","100","103","311","103"
"A00076026","Adult- Age 22-59","V1","122","33","35","97","94","83","274","88"
"A00039075","Adolescent- Age  16-17","V1","128","40","43","114","100","105","319","106"
"A00029126","Adult- Age 22-59","V1","130","53","47","111","126","106","343","117"
"A00033643","Adult- Age 22-59","V1","121","27","41","92","81","91","264","85"
"A00039635","Adult- Age 22-59","V1","127","25","51","108","84","117","309","102"
"A00059344","ENROLLED","VA_ALG","127","33","49","107","94","112","313","103"
"A00062248","ONE_DAY- Age 22-59","VA","129","41","52","109","104","119","332","112"
"A00066087","ONE_DAY","VA","124","50","48","98","119","109","326","109"
"A00044131","Adult- Age 22-59","V1","123","37","47","96","93","107","296","97"
"A00037124","Older Adult- Age 60-64","V1","125","29","41","104","91","99","294","96"
"A00038520","Older Adult- Age 60-64","V1","130","50","52","114","128","120","362","127"
"A00037767","Adult- Age 22-59","V1","129","39","47","112","109","107","328","110"
"A00050795","Adult- Age 22-59","V1","128","41","50","108","101","114","323","108"
"A00037531","Adult-Age 18-21","V1","99","28","33","51","75","73","199","67"
"A00040055","Adult- Age 22-59","V1","127","51","52","108","130","120","358","125"
"A00035553","Adult- Age 22-59","V1","124","44","48","98","107","109","314","104"
"A00073529","ENROLLED","VA_ALG","124","28","51","102","89","117","308","101"
"A00055903","Child Age 8","V1","95","22","31","109","119","119","347","119"
"A00052117","Adult- Age 22-59","V1","129","38","49","111","103","112","326","109"
"A00064081","ONE_DAY","VA","129","40","46","111","106","104","321","107"
"A00039923","Older Adult- Age 65-85","V1","128","39","50","110","109","114","333","113"
"A00053490","Child Age 12","V1","109","29","41","96","94","111","301","99"
"A00062928","ONE_DAY-Age 60-64","VA","125","33","47","104","99","107","310","102"
"A00066090","ONE_DAY- Age 22-59","VA","","","","","","","",""
"A00061749","ONE_DAY-AGE 13","VA","121","47","47","113","129","123","365","128"
"A00033714","Adolescent- Age  16-17","V1","125","44","47","114","110","118","342","117"
"A00031605","Adult- Age 22-59","V1","130","29","48","113","86","109","308","101"
"A00055352","Adult- Age 22-59","V1","131","47","51","116","122","117","355","123"
"A00037081","Adult- Age 22-59","V1","120","24","47","90","75","106","271","87"
"A00043283","Adult- Age 22-59","V1","131","51","47","115","126","107","348","120"
"A00051603","Adult-Age 18-21","V1","128","45","42","115","112","102","329","111"
"A00066582","ONE_DAY-AGE 14","VA","107","39","42","83","103","106","292","95"
"A00037119","Adult- Age 22-59","V1","127","28","46","107","85","104","296","97"
"A00060005","ONE_DAY- Age 22-59","VA","131","33","51","116","99","117","332","112"
"A00043494","Child- Ages 9-10","V1","88","16","21","89","82","83","254","82"
"A00058218","ENROLLED","V1","124","22","44","101","74","99","274","88"
"A00061883","ONE_DAY-AGE 14","VA","127","50","50","120","124","126","370","130"
"A00059327","Child Age 11","V1","103","33","27","92","110","85","287","93"
"A00073283","ENROLLED","VA_ALG","126","26","48","105","81","109","295","97"
"A00063473","ONE_DAY-Age 65-85","VA","131","38","50","116","107","114","337","115"
"A00035633","Adult- Age 22-59","V1","131","49","52","115","122","120","357","124"
"A00038806","Older Adult- Age 60-64","V1","124","35","49","102","102","112","316","105"
"A00058060","Child Age 8","V1","106","18","31","117","101","115","333","113"
"A00065250","ONE_DAY-Age 9-10","VA","109","29","34","109","115","106","330","111"
"A00051476","Child Age 14","V1","118","21","39","103","67","99","269","87"
"A00037588","Adult- Age 22-59","V1","125","36","35","104","104","85","293","96"
"A00039257","Adult- Age 22-59","V1","131","30","50","116","93","114","323","108"
"A00033849","Adult- Age 22-59","V1","120","31","42","98","95","100","293","96"
"A00039988","Older Adult- Age 65-85","V1","124","37","47","102","105","101","308","101"
"A00053474","Adult-Age 18-21","V1","130","34","44","119","95","107","321","107"
"A00052577","Adult- Age 22-59","V1","129","45","50","111","114","114","339","116"
"A00061714","ONE_DAY-AGE 16-17","VA","121","47","43","101","114","105","320","107"
"A00043299","Adult- Age 22-59","V1","128","28","45","107","83","101","291","95"
"A00037123","Adult-Age 18-21","V1","115","42","41","90","107","100","297","97"
"A00062416","ONE_DAY- Age 22-59","VA","107","29","41","76","91","99","266","86"
"A00051063","Adult-Age 18-21","V1","130","53","51","118","122","124","364","128"
"A00028339","Adult- Age 22-59","V1","127","35","52","108","102","120","330","111"
"A00058003","Child Age 8","V1","90","9","25","104","69","104","277","89"
"A00035798","Adult- Age 22-59","V1","125","34","41","103","96","93","292","95"
"A00037459","Child- Age 13","V1","105","27","36","84","83","96","263","85"
"A00066319","ONE_DAY- Age 22-59","VA","124","27","44","98","73","99","270","87"
"A00059428","ENROLLED","V1","128","29","49","107","84","111","302","99"
"A00033998","Older Adult- Age 60-64","V1","130","44","52","114","117","120","351","121"
"A00034193","Adult- Age 22-59","V1","115","22","43","80","72","96","248","80"
"A00059865","Child Age 14","V1","131","52","52","128","128","131","387","138"
"A00061881","ONE_DAY- Age 18-21","VA","117","24","39","94","76","95","265","85"
"A00027544","Adult- Age 22-59","V1","122","24","41","94","67","92","253","81"
"A00056920","Child Age 9-10","V1","104","18","21","100","78","77","255","82"
"A00039391","Adult- Age 22-59","V1","130","48","51","113","120","117","350","121"
"A00058667","ENROLLED","V1","131","47","49","114","113","112","339","116"
"A00039951","Adult- Age 22-59","V1","122","43","44","97","111","99","307","101"
"A00053625","Older Adult- Age 65-85","V1","127","47","51","108","122","117","347","119"
"A00060848","Adult- Age 22-59","V1","122","31","41","94","88","91","273","88"
"A00034073","Adolescent- Age  16-17","V1","118","36","38","97","93","92","282","91"
"A00064328","ONE_DAY-Age 65-85","VA","126","46","49","106","121","112","339","116"
"A00040628","Adult-Age 18-21","V1","124","50","48","107","122","117","346","119"
"A00052461","Child Age 14","V1","126","46","46","118","116","116","350","121"
"A00063006","ONE_DAY-AGE 11","VA","111","30","41","104","102","115","321","107"
"A00061483","ONE_DAY-Age 60-64","VA","126","26","47","106","86","107","299","98"
"A00043758","Adolescent- Age  16-17","V1","116","28","40","93","77","96","266","86"
"A00065820","ONE_DAY-Age 9-10","VA","109","25","33","118","119","117","354","123"
"A00056164","Older Adult- Age 60-64","V1","129","43","50","112","115","114","341","116"
"A00055962","Adult- Age 22-59","V1","113","31","35","79","90","83","252","81"
"A00055908","Child Age 9-10","V1","122","32","38","129","129","118","376","133"
"A00051758","Child - Age 15","V1","126","43","49","116","108","123","347","119"
"A00033735","Older Adult- Age 65-85","V1","124","36","51","102","104","117","323","108"
"A00043740","Child Age 15","V1","113","42","35","94","108","91","293","96"
"A00060279","ENROLLED","V1","127","34","46","104","94","103","301","99"
"A00051658","Adult-Age 18-21","V1","126","37","49","111","99","120","330","111"
"A00034826","Older Adult- Age 65-85","V1","128","32","49","110","97","112","319","106"
"A00035744","Adult- Age 22-59","V1","114","28","42","81","85","95","261","84"
"A00043822","Child -Age 8","V1","49","11","19","73","82","93","248","80"
"A00054895","Adult- Age 22-59","V1","131","27","50","116","87","114","317","105"
"A00072203","ONE_DAY","VA","118","29","37","86","77","82","245","79"
"A00059990","ONE_DAY- Age 18-21","VA","122","41","44","103","106","107","316","105"
"A00059527","ENROLLED","V1","126","39","44","103","97","99","299","98"
"A00040525","Adult- Age 22-59","V1","117","38","41","87","103","93","283","92"
"A00062996","ONE_DAY-AGE 11","VA","106","32","32","96","107","96","299","98"
"A00028844","Adult-Age 18-21","V1","126","50","44","111","122","107","340","116"
"A00060575","Older Adult- Age 65-85","V1","126","31","44","106","95","102","303","99"
"A00035337","Older Adult- Age 65-85","V1","120","22","36","98","78","88","264","85"
"A00066784","ONE_DAY-AGE 12","VA","106","35","39","94","112","109","315","104"
"A00060471","ENROLLED","V1","130","40","48","112","99","109","320","107"
"A00052423","Older Adult- Age 65-85","V1","128","28","46","110","89","104","303","99"
"A00067062","ENROLLED","VA_ALG","128","31","48","109","90","109","308","101"
"A00040439","Adult- Age 22-59","V1","129","44","49","112","117","112","341","116"
"A00054581","Child Age 9-10","V1","82","14","21","76","67","77","220","72"
"A00066388","ONE_DAY-Age 8","VA","75","8","17","95","69","89","253","81"
"A00053203","Child Age 9-10","V1","107","35","38","104","128","113","345","118"
"A00035378","Adult- Age 22-59","V1","126","26","47","106","86","107","299","98"
"A00066462","ONE_DAY-Age 11","VA","99","32","37","89","110","108","307","101"
"A00060258","Child Age 9-10","V1","103","19","30","108","95","106","309","102"
"A00028468","Adult- Age 22-59","V1","128","41","47","109","108","107","324","108"
"A00044100","Adult- Age 22-59","V1","122","44","51","100","117","117","334","113"
"A00038805","Older Adult- Age 65-85","V1","131","27","53","116","87","123","326","109"
"A00051882","Adult- Age 22-59","V1","131","53","48","116","134","109","359","125"
"A00076589","Adult- Age 22-59","V1","112","25","39","78","79","91","248","80"
"A00053475","ENROLLED","V1","122","26","48","94","79","108","281","91"
"A00061298","ONE_DAY-AGE 16-17","VA","128","46","46","114","110","109","333","113"
"A00035951","Adult- Age 22-59","V1","126","33","51","105","94","117","316","105"
"A00050742","Adult- Age 22-59","V1","131","37","49","116","105","112","333","113"
"A00034827","Adult- Age 22-59","V1","129","47","51","111","118","117","346","119"
"A00054533","Adult-Age 18-21","V1","128","42","48","108","103","109","320","107"
"A00052614","Adolescent- Age  16-17","V1","129","51","50","116","118","121","355","123"
"A00037458","Adolescent- Age  16-17","V1","116","40","36","93","100","88","281","91"
"A00059109","Child Age 11","V1","106","35","33","100","124","101","325","109"
"A00060773","ENROLLED","V1","131","34","47","114","87","107","308","101"
"A00053546","Adult-Age 18-21","V1","119","34","37","98","95","90","283","92"
"A00031145","Adult-Age 18-21","V1","122","33","39","103","93","95","291","95"
"A00037387","Adult-Age 18-21","V1","124","23","38","107","74","93","274","88"
"A00061728","ONE_DAY-Age 65-85","VA","129","23","49","112","80","112","304","100"
"A00060602","Older Adult- Age 65-85","V1","123","37","46","101","105","104","310","102"
"A00056138","Child Age 15","V1","125","47","46","114","116","116","346","119"
"A00035504","Adult- Age 22-59","V1","126","31","45","105","90","102","297","97"
"A00062210","ONE_DAY","VA","115","32","38","83","92","89","264","85"
"A00065574","ONE_DAY- Age 22-59","VA","131","52","50","114","123","114","351","121"
"A00028389","Older Adult- Age 60-64","V1","128","43","49","110","115","112","337","115"
"A00040944","Adult- Age 22-59","V1","126","38","50","102","100","113","315","104"
"A00040462","Adult- Age 22-59","V1","131","43","51","115","111","117","343","117"
"A00039845","Older Adult- Age 65-85","V1","127","37","47","108","105","107","320","107"
"A00044291","Adult- Age 22-59","V1","127","47","49","105","113","112","330","111"
"A00064061","ONE_DAY-Age 65-85","VA","125","33","47","104","99","107","310","102"
"A00057698","Child Age 12","V1","100","21","32","87","76","95","258","83"
"A00057809","Child Age 8","V1","95","22","28","113","128","115","356","124"
"A00052307","Adult- Age 22-59","V1","125","25","44","101","69","99","269","87"
"A00028784","Adult- Age 22-59","V1","125","42","46","103","109","104","316","105"
"A00063031","ONE_DAY- Age 22-59","VA","123","29","43","101","91","101","293","96"
"A00064580","ONE_DAY- Age 22-59","VA","131","41","48","114","101","109","324","108"
"A00065717","ONE_DAY-Age 60-64","VA","130","25","46","114","84","104","302","99"
"A00060673","Child- Age 6","V1","39","4","7","90","74","88","252","81"
"A00033011","Adult- Age 22-59","V1","129","38","47","111","103","107","321","107"
"A00065935","ONE_DAY","VA","128","30","48","109","88","109","306","100"
"A00063481","ONE_DAY- Age 22-59","VA","129","47","52","112","122","120","354","123"
"A00040500","Adult- Age 22-59","V1","127","30","46","108","93","104","305","100"
"A00023510","Adult- Age 22-59","V1","127","27","45","105","73","102","280","91"
"A00058951","Child Age 8","V1","81","14","22","100","95","100","295","97"
"A00052197","Adult-Age 18-21","V1","129","41","48","116","101","115","332","112"
"A00033640","Adult-Age 18-21","V1","127","29","45","105","77","102","284","92"
"A00063479","ONE_DAY-Age 65-85","VA","115","28","41","90","89","99","278","90"
"A00056489","Adult- Age 22-59","V1","116","85","23","75","39","91","251","81"
"A00039353","Adult- Age 22-59","V1","125","34","49","104","100","112","316","105"
"A00058621","ENROLLED","V1","119","46","46","88","111","104","303","99"
"A00039966","Older Adult- Age 65-85","V1","130","36","53","114","104","123","341","116"
"A00037817","Adult- Age 22-59","V1","131","40","53","116","110","123","349","120"
"A00066698","ONE_DAY-AGE 9-10","VA","111","29","43","110","111","125","346","119"
"A00057862","Child Age 9-10","V1","101","33","36","99","127","111","337","115"
"A00028912","Older Adult- Age 65-85","V1","129","40","47","112","110","107","329","111"
"A00028613","Older Adult- Age 60-64","V1","130","44","52","114","117","120","351","121"
"A00041503","Child -Age 8","V1","78","20","23","98","120","103","321","107"
"A00031549","Adult- Age 22-59","V1","127","43","50","105","105","114","324","108"
"A00061802","ONE_DAY- Age 22-59","VA","128","34","47","110","100","107","317","105"
"A00033232","Adult- Age 22-59","V1","123","45","44","96","110","98","304","100"
"A00035827","ENROLLED","V1REP","118","35","43","89","98","97","284","92"
"A00039074","Adult- Age 22-59","V1","125","32","45","103","92","102","297","97"
"A00037647","Adult- Age 22-59","V1","124","28","47","98","75","107","280","91"
"A00035869","Child-Age 12","V1","106","36","36","94","114","103","311","103"
"A00028352","ENROLLED","V1REP","130","35","44","111","95","98","304","100"
"A00044345","Adult- Age 22-59","V1","121","38","45","95","103","102","300","98"
"A00058570","Child- Ages 9-10","V1","105","25","35","111","114","117","342","117"
"A00039159","Adult-Age 18-21","V1","131","50","46","120","117","109","346","119"
"A00038158","Adult-Age 18-21","V1","121","39","40","101","102","98","301","99"
"A00055728","Child Age 9-10","V1","107","25","34","111","110","112","333","113"
"A00040798","Child Age 11","V1","102","26","29","92","94","91","277","89"
"A00065749","ONE_DAY-Age 60-64","VA","123","41","48","101","112","109","322","108"
"A00035072","Adult- Age 22-59","V1","129","35","48","111","98","109","318","106"
"A00039593","Older Adult- Age 65-85","V1","131","51","47","116","130","107","353","122"
"A00054857","ENROLLED","V1","119","52","31","91","128","74","293","96"
"A00033832","Adult- Age 22-59","V1","128","43","45","109","111","102","322","108"
"A00053319","ENROLLED","V1","108","25","32","66","77","70","213","70"
"A00051638","Adult-Age 18-21","V1","123","41","43","105","106","105","316","105"
"A00060481","Child Age 6","V1","42","7","5","92","90","83","265","85"
"A00066831","ONE_DAY-Age 65-85","VA","124","22","40","102","78","97","277","89"
"A00033963","Older Adult- Age 65-85","V1","118","28","43","95","89","101","285","93"
"A00062081","ONE_DAY-AGE 12","VA","123","30","42","117","95","113","325","109"
"A00054656","Older Adult- Age 60-64","V1","128","34","44","110","100","102","312","103"
"A00065790","ONE_DAY- Age 22-59","VA","128","39","50","108","97","114","319","106"
"A00060407","Adult- Age 22-59","V1","127","48","43","107","120","97","324","108"
"A00055674","Child- Ages 9-10","V1","96","19","27","98","91","96","285","93"
"A00054913","Older Adult- Age 65-85","V1","129","20","42","112","75","100","287","93"
"A00037511","Adult- Age 22-59","V1","113","27","34","76","81","75","232","75"
"A00062254","ONE_DAY-Age 65-85","VA","131","49","51","116","126","117","359","125"
"A00054534","Adult-Age 18-21","V1","129","47","51","110","113","117","340","116"
"A00038731","Adult-Age 18-21","V1","127","39","45","105","97","102","304","100"
"A00033248","Adult-Age 18-21","V1","119","33","41","88","85","92","265","85"
"A00055907","Child Age 7","V1","98","13","25","125","103","116","344","118"
"A00073545","ONE_DAY-AGE 7","VA","68","9","16","99","82","96","277","89"
"A00053744","Child Age 16-17","V1","127","49","44","112","115","104","331","112"
"A00035840","ENROLLED","V1REP","115","41","34","80","104","75","259","83"
"A00050847","Child Age 9-10","V1","96","24","27","90","96","89","275","89"
"A00037120","Older Adult- Age 65-85","V1","125","30","47","104","93","107","304","100"
"A00060581","ONE_DAY- Age 22-59","VA","107","","37","65","","81","",""
"A00040152","Older Adult- Age 65-85","V1","117","26","40","93","86","97","276","89"
"A00033903","Adult- Age 22-59","V1","130","24","48","114","82","109","305","100"
"A00037492","Adult- Age 22-59","V1","124","32","39","102","97","95","294","96"
"A00061204","ONE_DAY","VA","129","45","47","111","114","107","332","112"
"A00063103","ONE_DAY- Age 22-59","VA","119","47","40","88","113","89","290","95"
"A00044344","Older Adult- Age 60-64","V1","129","53","49","112","134","112","358","125"
"A00035437","Adult- Age 22-59","V1","126","26","48","106","86","109","301","99"
"A00056746","Child Age 8","V1","93","23","28","107","123","111","341","116"
"A00040594","Adult- Age 22-59","V1","129","39","49","112","109","112","333","113"
"A00057406","ENROLLED","V1","124","35","44","98","89","99","286","93"
"A00057035","ENROLLED","V1","129","39","47","110","97","107","314","104"
"A00030912","Older Adult- Age 60-64","V1","131","40","49","116","110","112","338","115"
"A00039895","Adult- Age 22-59","V1","131","40","52","115","106","120","341","116"
"A00051925","Adult- Age 22-59","V1","127","36","51","107","100","117","324","108"
"A00018030","Child-Age 11","V1","117","30","36","113","102","104","319","106"
"A00040117","Child- Age 6","V1","46","8","7","91","89","83","263","85"
"A00057726","Child Age 9-10","V1","94","21","29","93","94","99","286","93"
"A00037117","Adult- Age 22-59","V1","127","28","45","104","83","101","288","94"
"A00044217","Child- Ages 9-10","V1","108","25","38","114","114","124","352","122"
"A00040543","Adult-Age 18-21","V1","124","38","44","107","101","107","315","104"
"A00057372","ENROLLED","V1","127","47","49","104","114","111","329","111"
"A00039639","Older Adult- Age 65-85","V1","130","45","49","114","119","112","345","118"
"A00058229","Child Age 15","V1","124","35","42","112","93","105","310","102"
"A00056371","Older Adult- Age 65-85","V1","123","46","42","101","121","100","322","108"
"A00053874","Adult- Age 22-59","V1","128","30","43","109","88","97","294","96"
"A00058516","Child Age 9-10","V1","120","38","39","123","137","115","375","133"
"A00058144","ENROLLED","V1","130","27","49","113","83","112","308","101"
"A00061284","ONE_DAY- Age 22-59","VA","123","24","46","96","75","103","274","88"
"A00043790","Adult- Age 22-59","V1","129","44","49","111","113","112","336","114"
"A00043282","Adolescent- Age  16-17","V1","112","38","41","85","96","99","280","91"
"A00066013","ENROLLED","VA_ALG","130","46","52","113","116","120","349","120"
"A00035940","Adolescent- Age  16-17","V1","118","46","43","97","112","105","314","104"
"A00053390","Child Age 14","V1","107","33","41","83","94","103","280","91"
"A00035765","Adult- Age 22-59","V1","113","17","39","79","64","91","234","75"
"A00033752","Older Adult- Age 65-85","V1","131","45","52","116","119","120","355","123"
"A00028694","Adult- Age 22-59","V1","131","44","53","114","107","123","344","118"
"A00028430","Adult- Age 22-59","V1","130","42","51","114","114","117","345","118"
"A00059756","ENROLLED","V1","129","49","51","109","118","116","343","117"
"A00052165","Child Age 8","V1","102","25","35","113","125","125","363","127"
"A00054206","Child Age 14","V1","124","37","46","114","101","116","331","112"
"A00056470","Child Age 12","V1","119","30","37","110","95","102","307","101"
"A00039431","Adult- Age 22-59","V1","128","33","46","107","92","103","302","99"
"A00038616","Adult- Age 22-59","V1","118","42","46","86","106","103","295","97"
"A00060603","Child Age 11","V1","115","29","36","112","102","106","320","107"
"A00062288","ONE_DAY- Age 22-59","VA","126","28","39","102","83","86","271","87"
"A00029304","Adult- Age 22-59","V1","120","36","36","90","97","79","266","86"
"A00066302","ONE_DAY- Age 22-59","VA","129","34","51","112","100","117","329","111"
"A00062370","ONE_DAY-AGE 16-17","VA","","","","","","","",""
"A00053577","Adult- Age 22-59","V1","129","51","52","110","121","120","351","121"
"A00064505","ONE_DAY-AGE 15","VA","122","36","44","108","95","111","314","104"
"A00052126","Adult- Age 22-59","V1","126","42","48","103","103","109","315","104"
"A00065487","ONE_DAY- Age 22-59","VA","130","46","53","113","116","123","352","122"
"A00062942","ONE_DAY","VA","125","36","46","103","100","104","307","101"
"A00028521","Older Adult- Age 65-85","V1","129","29","48","112","91","109","312","103"
"A00033962","Older Adult- Age 65-85","V1","126","38","45","106","107","103","316","105"
"A00039461","Adult- Age 22-59","V1","130","45","51","113","114","117","344","118"
"A00063470","ONE_DAY-Age 65-85","VA","128","44","48","110","117","109","336","114"
"A00038411","Adult- Age 22-59","V1","129","35","48","111","98","109","318","106"
"A00029219","Older Adult- Age 65-85","V1","126","35","49","106","102","112","320","107"
"A00064416","ONE_DAY-Age 16-17","VA","124","29","38","106","79","92","277","89"
"A00044369","Older Adult- Age 65-85","V1","130","41","49","114","112","112","338","115"
"A00039331","Adult- Age 22-59","V1","129","24","46","112","82","104","298","98"
"A00066589","ONE_DAY-AGE 13","VA","125","42","46","119","113","119","351","121"
"A00051796","Older Adult- Age 65-85","V1","128","40","47","110","110","107","327","110"
"A00039393","Adult- Age 22-59","V1","128","49","52","109","122","120","351","121"
"A00063368","ONE_DAY- Age 22-59","VA","121","29","46","92","84","103","279","90"
"A00062923","ONE_DAY-Age 65-85","VA","131","38","49","116","107","112","335","114"
"A00037118","Adult- Age 22-59","V1","130","53","53","111","126","122","359","125"
"A00060372","ENROLLED","V1","131","31","48","113","88","108","309","102"
"A00039041","Older Adult- Age 60-64","V1","131","31","48","116","95","109","320","107"
"A00028152","Adult- Age 22-59","V1","125","40","44","104","110","102","316","105"
"A00038642","Adult- Age 22-59","V1","127","40","49","104","103","111","318","106"
"A00051514","Adult-Age 18-21","V1","125","44","51","101","107","117","325","109"
"A00027439","Child - Age 15","V1","110","30","32","85","83","81","249","80"
"A00051064","Adult-Age 18-21","V1","128","43","43","115","109","105","329","111"
"A00060662","Adult- Age 22-59","V1","116","43","46","82","107","103","292","95"
"A00055446","ENROLLED","V1","114","21","43","78","70","96","244","78"
"A00058552","ENROLLED","V1","131","46","52","115","116","120","351","121"
"A00061647","ONE_DAY- Age 22-59","VA","121","29","38","99","91","93","283","92"
"A00065934","ONE_DAY-AGE 16-17","VA","116","34","38","93","89","92","274","88"
"A00037476","Adult-Age 18-21","V1","129","36","50","117","98","122","337","115"
"A00059734","Child Age 6","V1","60","9","21","103","95","120","318","106"
"A00037784","Adult- Age 22-59","V1","116","28","39","85","85","91","261","84"
"A00060503","Child Age 13","V1","113","27","38","100","86","102","288","94"
"A00028606","Adult- Age 22-59","V1","119","31","39","88","81","87","256","82"
"A00061767","ONE_DAY-Age 65-85","VA","120","36","39","98","104","95","297","97"
"A00054578","Child Age 9-10","V1","99","13","33","101","72","110","283","92"
"A00056556","ENROLLED","V1","131","41","46","115","108","104","327","110"
"A00040151","Adult- Age 22-59","V1","131","46","52","113","112","119","344","118"
"A00051727","Child Age 15","V1","117","31","41","99","85","102","286","93"
"A00062266","ONE_DAY- Age 22-59","VA","127","34","50","107","96","114","317","105"
"A00065379","ONE_DAY","VA","119","30","39","91","88","91","270","87"
"A00037122","Adult- Age 22-59","V1","126","40","40","102","103","88","293","96"
"A00061709","ONE_DAY","VA","124","27","41","98","73","92","263","85"
"A00054622","Older Adult- Age 65-85","V1","125","39","48","104","109","109","322","108"
"A00028656","Adult-Age 18-21","V1","125","49","45","109","120","110","339","116"
"A00039488","Adult- Age 22-59","V1","123","31","40","96","88","88","272","88"
"A00063458","ONE_DAY-Age 65-85","VA","126","43","46","106","115","104","325","109"
"A00060602","ENROLLED","VA_ALG","124","41","46","102","112","104","318","106"
"A00028691","Adult- Age 22-59","V1","128","49","46","110","126","104","340","116"
"A00058145","Older Adult- Age 65-85","V1","130","46","52","114","121","120","355","123"
"A00058170","Older Adult- Age 65-85","V1","126","42","44","106","114","102","322","108"
"A00050815","Adult- Age 22-59","V1","124","32","42","101","92","95","288","94"
"A00039755","Adult- Age 22-59","V1","127","40","46","105","99","104","308","101"
"A00038832","Adult-Age 18-21","V1","122","35","40","103","96","98","297","97"
"A00065572","ONE_DAY- Age 22-59","VA","129","28","48","112","89","109","310","102"
"A00059427","Child Age 9-10","V1","100","31","25","95","116","85","296","97"
"A00040226","Adult- Age 22-59","V1","118","29","44","86","84","98","268","86"
"A00057183","ENROLLED","V1","127","30","52","104","86","119","309","102"
"A00040257","Older Adult- Age 65-85","V1","129","44","48","112","117","109","338","115"
"A00060185","Older Adult- Age 65-85","V1","117","21","40","93","76","97","266","86"
"A00062798","ONE_DAY-Age 6","VA","46","8","6","91","89","80","260","84"
"A00037522","Older Adult- Age 60-64","V1","112","30","39","85","93","95","273","88"
"A00040225","Older Adult- Age 60-64","V1","120","50","44","98","128","102","328","110"
"A00065743","ENROLLED","VA_ALG","118","38","45","95","107","103","305","100"
"A00066735","ONE_DAY- Age 22-59","VA","130","44","52","112","107","120","339","116"
"A00060384","Child Age 12","V1","119","31","43","111","99","116","326","109"
"A00066584","ONE_DAY-Age 16-17","VA","129","52","49","116","120","118","354","123"
"A00040740","Adult- Age 22-59","V1","123","27","38","96","73","85","254","82"
"A00064323","ONE_DAY-Age 65-85","VA","131","42","51","116","114","117","347","119"
"A00053902","ENROLLED","V1","125","32","47","103","92","107","302","99"
"A00056306","Adult- Age 22-59","V1","123","26","44","99","81","99","279","90"
"A00055160","ENROLLED","V1","126","31","45","102","88","101","291","95"
"A00060302","ENROLLED","V1","128","43","51","108","105","117","330","111"
"A00038706","Child- Age 13","V1","119","25","39","107","79","102","288","94"
"A00057445","Adult- Age 22-59","V1","128","49","51","110","126","117","353","122"
"A00037112","ENROLLED","V1REP","123","29","43","99","86","97","282","91"
"A00040741","Older Adult- Age 65-85","V1","129","35","49","112","102","112","326","109"
"A00037170","Adult- Age 22-59","V1","127","42","48","104","106","108","318","106"
"A00056679","Child Age 9-10","V1","108","26","34","114","118","115","347","119"
"A00059911","ENROLLED","V1","117","27","47","84","81","106","271","87"
"A00031794","Older Adult- Age 60-64","V1","123","43","44","101","115","102","318","106"
"A00066534","ONE_DAY-Age 8","VA","79","8","19","98","69","93","260","84"
"A00039783","Older Adult- Age 65-85","V1","131","51","46","116","130","104","350","121"
"A00008326","Adult- Age 22-59","V1","124","25","44","102","84","102","288","94"
"A00064418","ONE_DAY-Age 11","VA","120","40","44","121","138","126","385","137"
"A00032875","ONE_DAY","VA-REP","128","30","51","109","88","117","314","104"
"A00051539","Adult- Age 22-59","V1","130","45","50","111","110","113","334","113"
"A00073308","ONE_DAY-Age 65-85","VA","127","30","48","108","93","109","310","102"
"A00055806","Adult- Age 22-59","V1","124","40","49","98","103","111","312","103"
"A00039699","Adult- Age 22-59","V1","129","48","49","112","124","112","348","120"
"A00040342","Child- Age 13","V1","105","23","40","88","76","106","270","87"
"A00060280","Child Age 16-17","V1","130","50","47","118","120","115","353","122"
"A00053850","ENROLLED","V1","127","36","47","105","91","107","303","99"
"A00055693","Child -Age 8","V1","81","16","20","100","104","96","300","98"
"A00033647","Older Adult- Age 65-85","V1","128","50","48","110","128","109","347","119"
"A00040623","Adult- Age 22-59","V1","108","32","34","66","90","75","231","75"
"A00028552","Older Adult- Age 60-64","V1","129","27","49","112","87","112","311","103"
"A00061730","ONE_DAY-Age 11","VA","121","25","34","117","86","99","302","99"
"A00028678","Older Adult- Age 65-85","V1","129","33","48","112","99","109","320","107"
"A00051774","Adult- Age 22-59","V1","125","27","44","100","81","98","279","90"
"A00060184","Older Adult- Age 65-85","V1","129","52","52","112","132","120","364","128"
"A00055624","Child Age 9-10","V1","110","25","34","111","102","106","319","106"
"A00066539","ONE_DAY-Age 60-64","VA","131","41","51","116","112","117","345","118"
"A00050743","Child Age 15","V1","127","43","44","118","108","111","337","115"
"A00056419","Child- Age 6","V1","77","11","22","117","105","122","344","118"
"A00010893","Adult- Age 22-59","V1","118","36","47","86","97","106","289","94"
"A00028858","Older Adult- Age 65-85","V1","129","48","48","112","124","109","345","118"
"A00028522","Older Adult- Age 65-85","V1","127","37","41","108","105","99","312","103"
"A00030981","Child - Age 14","V1","96","30","27","70","88","75","233","75"
"A00062349","ONE_DAY-Age 6","VA","45","9","5","95","101","83","279","90"
"A00038998","Adult- Age 22-59","V1","130","46","52","111","112","119","342","117"
"A00034074","Adolescent- Age  16-17","V1","121","39","45","101","102","110","313","103"
"A00061021","Older Adult- Age 60-64","V1","130","50","51","114","128","117","359","125"
"A00063329","ONE_DAY-AGE 12","VA","124","26","43","119","85","115","319","106"
"A00040351","Older Adult- Age 65-85","V1","131","33","53","116","99","123","338","115"
"A00052500","ENROLLED","V1","114","34","41","78","94","91","263","85"
"A00029127","Adult- Age 22-59","V1","127","53","50","105","125","114","344","118"
"A00065941","ONE_DAY-AGE 15","VA","115","25","46","95","73","116","284","92"
"A00031166","Adult-Age 18-21","V1","129","45","46","110","109","104","323","108"
"A00054358","Adult- Age 22-59","V1","131","40","52","116","110","120","346","119"
"A00062934","ONE_DAY- Age 22-59","VA","129","25","42","109","77","94","280","91"
"A00043462","Adult-Age 18-21","V1","120","31","39","90","81","87","258","83"
"A00035364","Child-Age 12","V1","119","35","38","114","112","107","333","113"
"A00056703","Adolescent- Age  16-17","V1","126","40","39","110","100","94","304","100"
"A00037725","Adult- Age 22-59","V1","121","29","37","92","84","81","257","83"
"A00056830","Child -Age 8","V1","96","21","31","110","116","119","345","118"
"A00031893","Adult- Age 22-59","V1","123","36","48","101","104","109","314","104"
"A00052070","Older Adult- Age 65-85","V1","129","50","51","112","128","117","357","124"
"A00057808","ENROLLED","V1","122","29","41","94","84","91","269","87"
"A00060923","Older Adult- Age 60-64","V1","131","42","50","116","114","114","344","118"
"A00060264","ONE_DAY- Age 22-59","VA","124","","47","102","","107","",""
"A00060516","ENROLLED","V1","124","40","45","98","99","102","299","98"
"A00038998","ENROLLED","V1REP","129","45","51","109","110","116","335","114"
"A00058053","Child Age 14","V1","123","38","46","112","102","116","330","111"
"A00041540","Adult- Age 22-59","V1","124","24","43","101","77","97","275","89"
"A00056420","Child- Ages 9-10","V1","115","30","35","123","132","117","372","131"
"A00031683","Adult- Age 22-59","V1","129","38","45","112","107","103","322","108"
"A00033609","Adult- Age 22-59","V1","131","48","46","115","120","104","339","116"
"A00033748","Adult- Age 22-59","V1","126","30","48","106","93","109","308","101"
"A00038213","Adult-Age 18-21","V1","130","32","50","112","83","114","309","102"
"A00052235","ENROLLED","V1","118","25","42","86","77","94","257","83"
"A00066711","ONE_DAY-Age 8","VA","94","20","28","105","107","108","320","107"
"A00056919","Adult- Age 22-59","V1","130","49","50","112","117","114","343","117"
"A00043240","Child - Age 15","V1","123","36","43","110","95","108","313","103"
"A00040784","Older Adult- Age 60-64","V1","128","36","46","110","104","104","318","106"
"A00039758","Older Adult- Age 65-85","V1","128","45","50","110","119","114","343","118"
"A00035072","ENROLLED","V1REP","128","35","46","109","98","104","311","103"
"A00066820","ONE_DAY-Age 65-85","VA","131","22","50","116","78","114","308","101"
"A00063326","ONE_DAY","VA","128","50","52","107","120","119","346","119"
"A00051548","ENROLLED","V1","129","48","52","109","116","119","344","118"
"A00052182","Child Age 12","V1","115","31","38","107","102","107","316","105"
"A00056165","Child Age 14","V1","121","20","45","108","65","113","286","93"
"A00040054","Older Adult- Age 65-85","V1","119","26","38","97","86","93","276","89"
"A00065991","ONE_DAY- Age 22-59","VA","124","36","43","101","100","97","298","98"
"A00065829","ONE_DAY-Age 60-64","VA","131","30","50","116","93","114","323","108"
"A00059326","Child -Age 8","V1","70","19","19","83","104","86","275","88"
"A00051690","Child - Age 15","V1","122","49","47","108","120","118","346","119"
"A00065185","ONE_DAY-Age 6","VA","73","10","18","126","110","125","361","126"
"A00038817","Adult- Age 22-59","V1","118","10","40","89","51","92","232","75"
"A00059845","Adult- Age 22-59","V1","129","37","45","111","101","102","314","104"
"A00035945","Child- Age 13","V1","107","33","33","90","99","92","281","91"
"A00052125","ENROLLED","V1","129","41","51","109","104","116","329","111"
"A00043739","Adult- Age 22-59","V1","129","39","47","111","104","107","322","108"
"A00037831","Adult- Age 22-59","V1","128","29","48","109","86","109","304","100"
"A00054482","Older Adult- Age 65-85","V1","111","25","42","83","84","100","267","86"
"A00059361","Older Adult- Age 65-85","V1","131","48","51","116","124","117","357","124"
"A00073611","ENROLLED","VA_ALG","122","27","35","100","87","85","272","88"
"A00038831","Adult- Age 22-59","V1","116","41","40","82","101","89","272","88"
